<?xml version="1.0" encoding="UTF-8"?>
<project-private xmlns="http://www.netbeans.org/ns/project-private/1">
    <editor-bookmarks xmlns="http://www.netbeans.org/ns/editor-bookmarks/2" lastBookmarkId="0"/>
    <open-files xmlns="http://www.netbeans.org/ns/projectui-open-files/2">
        <group>
            <file>file:/D:/5to%20semestre/Final/Mydea/src/java/Comentar.java</file>
            <file>file:/D:/5to%20semestre/Final/Mydea/web/templates/Navegadores/Navegador_CV.jsp</file>
            <file>file:/D:/5to%20semestre/Final/Mydea/web/js/en.js</file>
            <file>file:/D:/5to%20semestre/Final/Mydea/web/js/Nav_CC.js</file>
            <file>file:/D:/5to%20semestre/Final/Mydea/web/indexCC.jsp</file>
            <file>file:/D:/5to%20semestre/Final/Mydea/web/js/Nav_CV.js</file>
            <file>file:/D:/5to%20semestre/Final/Mydea/web/Guardados.jsp</file>
            <file>file:/D:/5to%20semestre/Final/Mydea/web/Editar_Negocio.jsp</file>
            <file>file:/D:/5to%20semestre/Final/Mydea/web/Vendedor_Perfil.jsp</file>
            <file>file:/D:/5to%20semestre/Final/Mydea/web/NegocioCV.jsp</file>
            <file>file:/D:/5to%20semestre/Final/Mydea/web/Comentarios_Hechos.jsp</file>
            <file>file:/D:/5to%20semestre/Final/Mydea/src/java/EditarNegocio.java</file>
            <file>file:/D:/5to%20semestre/Final/Mydea/web/NegocioSC.jsp</file>
            <file>file:/D:/5to%20semestre/Final/Mydea/web/ComentariosCV.jsp</file>
            <file>file:/D:/5to%20semestre/Final/Mydea/src/java/CerrarSesion.java</file>
            <file>file:/D:/5to%20semestre/Final/Mydea/web/Negocio.jsp</file>
            <file>file:/D:/5to%20semestre/Final/Mydea/web/GuardadosCV.jsp</file>
            <file>file:/D:/5to%20semestre/Final/Mydea/web/index.jsp</file>
            <file>file:/D:/5to%20semestre/Final/Mydea/web/templates/Navegadores/Navegador_CC.jsp</file>
            <file>file:/D:/5to%20semestre/Final/Mydea/src/java/Clases/Conexion.java</file>
            <file>file:/D:/5to%20semestre/Final/Mydea/web/Comentarios_HechosCV.jsp</file>
        </group>
    </open-files>
</project-private>
